subsystem,class
(root),BaseCurrencyProxy
(root),ConversionTypeProxy
(root),Error
(root),RebatedExercise
cashflows,AmortizingPayment
cashflows,BlackCompoundingOvernightIndexedCouponPricer
cashflows,DigitalCmsCoupon
cashflows,DigitalCmsLeg
cashflows,DigitalIborCoupon
cashflows,DigitalIborLeg
cashflows,Function
cashflows,IrrFinder
cashflows,PriceHelper
cashflows,Redemption
cashflows,TimeBasket
cashflows,VegaRatioHelper
currencies,AEDCurrency
currencies,AOACurrency
currencies,BCHCurrency
currencies,BGNCurrency
currencies,BHDCurrency
currencies,BTCCurrency
currencies,BWPCurrency
currencies,CLFCurrency
currencies,CNHCurrency
currencies,COUCurrency
currencies,DASHCurrency
currencies,EGPCurrency
currencies,ETBCurrency
currencies,ETCCurrency
currencies,ETHCurrency
currencies,GELCurrency
currencies,GHSCurrency
currencies,HRKCurrency
currencies,IDRCurrency
currencies,JODCurrency
currencies,KESCurrency
currencies,KZTCurrency
currencies,LKRCurrency
currencies,LTCCurrency
currencies,MADCurrency
currencies,MURCurrency
currencies,MXVCurrency
currencies,MYRCurrency
currencies,NGNCurrency
currencies,OMRCurrency
currencies,PHPCurrency
currencies,QARCurrency
currencies,RSDCurrency
currencies,TNDCurrency
currencies,UAHCurrency
currencies,UGXCurrency
currencies,UYUCurrency
currencies,VNDCurrency
currencies,XOFCurrency
currencies,XRPCurrency
currencies,ZECCurrency
currencies,ZMWCurrency
experimental,AdaptiveInertia
experimental,AffineHazardRate
experimental,BaseCorrelationLossModel
experimental,CDO
experimental,ClubsTopology
experimental,DecreasingGaussianWalk
experimental,DistributionRandomWalk
experimental,ESFIntegrator
experimental,FdmSimple3dExtOUJumpSolver
experimental,FdmVPPStepConditionMesher
experimental,FdmVPPStepConditionParams
experimental,GaussianRandomDefaultModel
experimental,IborLegCashFlows
experimental,IntegralCDOEngine
experimental,IntegrationBase
experimental,IntegrationFactory
experimental,InterpolationData
experimental,KNeighbors
experimental,LevyFlightInertia
experimental,LinearFlat
experimental,LinearFlatInterpolation
experimental,MakeMCAmericanPathEngine
experimental,MakeMCPathBasketEngine
experimental,MidPointCDOEngine
experimental,NoArbSabr
experimental,PiecewiseYoYOptionletVolatilityCurve
experimental,RandomDefaultModel
experimental,RandomLM
experimental,Root
experimental,SimpleRandomInertia
experimental,SwapCashFlows
experimental,SwaptionVolCubeNoArbSabrModel
experimental,SyntheticCDO
experimental,VannaVolga
experimental,VectorIntegrator
experimental,YoYInflationVolatilityTraits
experimental,Ziggurat
indexes,Cdi
instruments,Average
instruments,Barrier
instruments,DoubleBarrier
instruments,ForwardOptionArguments
instruments,QuantoOptionResults
instruments,RatchetPayoff_2
instruments,StickyPayoff_2
instruments,StickyRatchetPayoff
math,AbcdCoeffHolder
math,BFGS
math,BackwardflatLinear
math,BiCGstab
math,Bicubic
math,BicubicSplineDerivatives
math,CubicInterpolationBaseImpl
math,CubicNaturalSpline
math,EmptyArg
math,EmptyDim
math,EmptyRes
math,LinearFct
math,LinearFcts
math,MixedInterpolation
math,MonotonicCubicNaturalSpline
math,MonotonicParabolic
math,Parabolic
math,SABR
math,SABRWrapper
math,Solver1D
math,UpdatedYInterpolation
methods,EarlyExerciseTraits
methods,FdmBatesSolver
methods,FdmCIRSolver
methods,FdmDirichletBoundary
methods,FdmHestonLocalVolatilityVarianceMesher
methods,FdmIndicesOnBoundary
methods,OperatorTraits
methods,TRBDF2
methods,UniformGridMesher
models,GJRGARCHModel
models,VolatilityInterpolationSpecifierabcd
patterns,AcyclicVisitor
patterns,CuriouslyRecurringTemplate
patterns,Foo
patterns,Proxy
patterns,Singleton
patterns,UpdateChecker
pricingengines,MCEuropeanGJRGARCHEngine
processes,BlackProcess
processes,BlackScholesProcess
processes,CachingKey
processes,EndEulerDiscretization
processes,G2ForwardProcess
processes,G2Process
processes,GJRGARCHProcess
processes,GarmanKohlagenProcess
processes,HestonSLVProcess
processes,JointStochasticProcess
quotes,DerivedQuote
quotes,EurodollarFuturesImpliedStdDevQuote
quotes,ForwardSwapQuote
quotes,LastFixingQuote
termstructures,CPIVolatilitySurface
termstructures,CmsMarket
termstructures,CmsMarketCalibration
termstructures,ConstantCPIVolatility
termstructures,ConstantCapFloorTermVolatility
termstructures,GridModelLocalVolSurface
termstructures,InterpolatedCurve
termstructures,PrivateObserver
termstructures,RelativeDateBootstrapHelper
termstructures,SingleStepCalibrationResult
termstructures,SwaptionVolCubeSabrModel
termstructures,SwaptionVolCubeZabrModel
termstructures,XabrModelTraits
termstructures,XabrSwaptionVolatilityCube
termstructures,ZeroInflationTraits
time,TARGET
time,Thirty360_Impl
utilities,Clone
utilities,Null
utilities,Tracing
